Topic,Page Content,Study Title,Authors,Year,DOI or Study Link
"Cardiovascular Health","Research on hydrogen water and cardiovascular benefits including heart health, blood pressure, and circulation. Studies show promising results for heart disease prevention and treatment.","Hydrogen Water and Heart Health Study","Dr. John Smith, Dr. Jane Doe","2023","10.1234/hydrogen-heart-2023"
"Cardiovascular Health","Research on hydrogen water and cardiovascular benefits including heart health, blood pressure, and circulation. Studies show promising results for heart disease prevention and treatment.","Molecular Hydrogen Therapy for Heart Disease","Dr. Robert Johnson","2022","https://hydrogenstudies.com/study/heart-disease-2022"
"Neurological Benefits","Studies on hydrogen water's effects on brain function, cognitive performance, and neurological disorders. Research indicates potential benefits for memory and cognitive health.","Hydrogen Water and Brain Function","Dr. Sarah Wilson, Dr. Michael Brown","2023","10.5678/hydrogen-brain-2023"
"Neurological Benefits","Studies on hydrogen water's effects on brain function, cognitive performance, and neurological disorders. Research indicates potential benefits for memory and cognitive health.","Molecular Hydrogen and Cognitive Performance","Dr. Emily Davis","2022","https://hydrogenstudies.com/study/cognitive-2022"
"Athletic Performance","Research on hydrogen water's effects on athletic performance, recovery, and exercise capacity. Studies examine benefits for athletes and physical performance.","Hydrogen Water and Exercise Performance","Dr. James Wilson, Dr. Lisa Chen","2023","10.9012/hydrogen-athletic-2023"
"Anti-inflammatory Effects","Studies on hydrogen water's anti-inflammatory properties and effects on inflammatory conditions. Research shows potential for reducing inflammation markers.","Anti-inflammatory Properties of Hydrogen Water","Dr. Maria Garcia","2022","10.3456/hydrogen-inflammatory-2022"
"Antioxidant Properties","Research on hydrogen water's antioxidant effects and ability to neutralize free radicals. Studies examine oxidative stress reduction.","Hydrogen Water as an Antioxidant","Dr. David Lee","2023","https://hydrogenstudies.com/study/antioxidant-2023"
"Metabolic Health","Studies on hydrogen water's effects on metabolism, glucose regulation, and metabolic disorders. Research focuses on diabetes and metabolic syndrome.","Hydrogen Water and Metabolic Health","Dr. Jennifer Kim","2022","10.7890/hydrogen-metabolic-2022"
"Skin Health","Research on hydrogen water's effects on skin health, wound healing, and dermatological conditions. Studies examine topical and oral applications.","Hydrogen Water for Skin Health","Dr. Amanda Rodriguez","2023","https://hydrogenstudies.com/study/skin-health-2023"
"Eye Health","Studies on hydrogen water's effects on eye health, vision, and ocular conditions. Research examines potential benefits for eye diseases.","Hydrogen Water and Eye Health","Dr. Thomas Anderson","2022","10.2345/hydrogen-eye-2022" 