Topic,Page Content,Study Title,Authors,Year,DOI or Study Link
Acne,Research on hydrogen water and acne. Studies examine various aspects and benefits related to this health condition.,Hydrogen Water and Acne,Various Researchers,2023,https://hydrogenstudies.com/study/acne
Acute Kidney Injury,Research on hydrogen water and acute kidney injury. Studies examine various aspects and benefits related to this health condition.,Hydrogen Water and Acute Kidney Injury,Various Researchers,2023,https://hydrogenstudies.com/study/acute-kidney-injury
Addiction,Research on hydrogen water and addiction. Studies examine various aspects and benefits related to this health condition.,Hydrogen Water and Addiction,Various Researchers,2023,https://hydrogenstudies.com/study/addiction
ADHD,Research on hydrogen water and adhd. Studies examine various aspects and benefits related to this health condition.,Hydrogen Water and ADHD,Various Researchers,2023,https://hydrogenstudies.com/study/adhd
Aging,Research on hydrogen water and aging. Studies examine various aspects and benefits related to this health condition.,Hydrogen Water and Aging,Various Researchers,2023,https://hydrogenstudies.com/study/aging
Alcoholism,Research on hydrogen water and alcoholism. Studies examine various aspects and benefits related to this health condition.,Hydrogen Water and Alcoholism,Various Researchers,2023,https://hydrogenstudies.com/study/alcoholism
Allergies,Research on hydrogen water and allergies. Studies examine various aspects and benefits related to this health condition.,Hydrogen Water and Allergies,Various Researchers,2023,https://hydrogenstudies.com/study/allergies
Alzheimer's Disease,Research on hydrogen water and alzheimer's disease. Studies examine various aspects and benefits related to this health condition.,Hydrogen Water and Alzheimer's Disease,Various Researchers,2023,https://hydrogenstudies.com/study/alzheimers-disease
Anemia,Research on hydrogen water and anemia. Studies examine various aspects and benefits related to this health condition.,Hydrogen Water and Anemia,Various Researchers,2023,https://hydrogenstudies.com/study/anemia
Anxiety,Research on hydrogen water and anxiety. Studies examine various aspects and benefits related to this health condition.,Hydrogen Water and Anxiety,Various Researchers,2023,https://hydrogenstudies.com/study/anxiety
Arthritis,Research on hydrogen water and arthritis. Studies examine various aspects and benefits related to this health condition.,Hydrogen Water and Arthritis,Various Researchers,2023,https://hydrogenstudies.com/study/arthritis
Asthma,Research on hydrogen water and asthma. Studies examine various aspects and benefits related to this health condition.,Hydrogen Water and Asthma,Various Researchers,2023,https://hydrogenstudies.com/study/asthma
Autism,Research on hydrogen water and autism. Studies examine various aspects and benefits related to this health condition.,Hydrogen Water and Autism,Various Researchers,2023,https://hydrogenstudies.com/study/autism
Back Pain,Research on hydrogen water and back pain. Studies examine various aspects and benefits related to this health condition.,Hydrogen Water and Back Pain,Various Researchers,2023,https://hydrogenstudies.com/study/back-pain
Bipolar Disorder,Research on hydrogen water and bipolar disorder. Studies examine various aspects and benefits related to this health condition.,Hydrogen Water and Bipolar Disorder,Various Researchers,2023,https://hydrogenstudies.com/study/bipolar-disorder
Bladder Cancer,Research on hydrogen water and bladder cancer. Studies examine various aspects and benefits related to this health condition.,Hydrogen Water and Bladder Cancer,Various Researchers,2023,https://hydrogenstudies.com/study/bladder-cancer
Blood Pressure,Research on hydrogen water and blood pressure. Studies examine various aspects and benefits related to this health condition.,Hydrogen Water and Blood Pressure,Various Researchers,2023,https://hydrogenstudies.com/study/blood-pressure
Brain Injury,Research on hydrogen water and brain injury. Studies examine various aspects and benefits related to this health condition.,Hydrogen Water and Brain Injury,Various Researchers,2023,https://hydrogenstudies.com/study/brain-injury
Breast Cancer,Research on hydrogen water and breast cancer. Studies examine various aspects and benefits related to this health condition.,Hydrogen Water and Breast Cancer,Various Researchers,2023,https://hydrogenstudies.com/study/breast-cancer
Cancer,Research on hydrogen water and cancer. Studies examine various aspects and benefits related to this health condition.,Hydrogen Water and Cancer,Various Researchers,2023,https://hydrogenstudies.com/study/cancer
Cardiovascular Disease,Research on hydrogen water and cardiovascular disease. Studies examine various aspects and benefits related to this health condition.,Hydrogen Water and Cardiovascular Disease,Various Researchers,2023,https://hydrogenstudies.com/study/cardiovascular-disease
Cataracts,Research on hydrogen water and cataracts. Studies examine various aspects and benefits related to this health condition.,Hydrogen Water and Cataracts,Various Researchers,2023,https://hydrogenstudies.com/study/cataracts
Celiac Disease,Research on hydrogen water and celiac disease. Studies examine various aspects and benefits related to this health condition.,Hydrogen Water and Celiac Disease,Various Researchers,2023,https://hydrogenstudies.com/study/celiac-disease
Chronic Fatigue,Research on hydrogen water and chronic fatigue. Studies examine various aspects and benefits related to this health condition.,Hydrogen Water and Chronic Fatigue,Various Researchers,2023,https://hydrogenstudies.com/study/chronic-fatigue
Chronic Pain,Research on hydrogen water and chronic pain. Studies examine various aspects and benefits related to this health condition.,Hydrogen Water and Chronic Pain,Various Researchers,2023,https://hydrogenstudies.com/study/chronic-pain
Cirrhosis,Research on hydrogen water and cirrhosis. Studies examine various aspects and benefits related to this health condition.,Hydrogen Water and Cirrhosis,Various Researchers,2023,https://hydrogenstudies.com/study/cirrhosis
Colon Cancer,Research on hydrogen water and colon cancer. Studies examine various aspects and benefits related to this health condition.,Hydrogen Water and Colon Cancer,Various Researchers,2023,https://hydrogenstudies.com/study/colon-cancer
COPD,Research on hydrogen water and copd. Studies examine various aspects and benefits related to this health condition.,Hydrogen Water and COPD,Various Researchers,2023,https://hydrogenstudies.com/study/copd
Crohn's Disease,Research on hydrogen water and crohn's disease. Studies examine various aspects and benefits related to this health condition.,Hydrogen Water and Crohn's Disease,Various Researchers,2023,https://hydrogenstudies.com/study/crohns-disease
Dementia,Research on hydrogen water and dementia. Studies examine various aspects and benefits related to this health condition.,Hydrogen Water and Dementia,Various Researchers,2023,https://hydrogenstudies.com/study/dementia
Depression,Research on hydrogen water and depression. Studies examine various aspects and benefits related to this health condition.,Hydrogen Water and Depression,Various Researchers,2023,https://hydrogenstudies.com/study/depression
Diabetes Type 1,Research on hydrogen water and diabetes type 1. Studies examine various aspects and benefits related to this health condition.,Hydrogen Water and Diabetes Type 1,Various Researchers,2023,https://hydrogenstudies.com/study/diabetes-type-1
Diabetes Type 2,Research on hydrogen water and diabetes type 2. Studies examine various aspects and benefits related to this health condition.,Hydrogen Water and Diabetes Type 2,Various Researchers,2023,https://hydrogenstudies.com/study/diabetes-type-2
Diverticulitis,Research on hydrogen water and diverticulitis. Studies examine various aspects and benefits related to this health condition.,Hydrogen Water and Diverticulitis,Various Researchers,2023,https://hydrogenstudies.com/study/diverticulitis
Eczema,Research on hydrogen water and eczema. Studies examine various aspects and benefits related to this health condition.,Hydrogen Water and Eczema,Various Researchers,2023,https://hydrogenstudies.com/study/eczema
Endometriosis,Research on hydrogen water and endometriosis. Studies examine various aspects and benefits related to this health condition.,Hydrogen Water and Endometriosis,Various Researchers,2023,https://hydrogenstudies.com/study/endometriosis
Epilepsy,Research on hydrogen water and epilepsy. Studies examine various aspects and benefits related to this health condition.,Hydrogen Water and Epilepsy,Various Researchers,2023,https://hydrogenstudies.com/study/epilepsy
Erectile Dysfunction,Research on hydrogen water and erectile dysfunction. Studies examine various aspects and benefits related to this health condition.,Hydrogen Water and Erectile Dysfunction,Various Researchers,2023,https://hydrogenstudies.com/study/erectile-dysfunction
Fibromyalgia,Research on hydrogen water and fibromyalgia. Studies examine various aspects and benefits related to this health condition.,Hydrogen Water and Fibromyalgia,Various Researchers,2023,https://hydrogenstudies.com/study/fibromyalgia
Food Allergies,Research on hydrogen water and food allergies. Studies examine various aspects and benefits related to this health condition.,Hydrogen Water and Food Allergies,Various Researchers,2023,https://hydrogenstudies.com/study/food-allergies
Gallstones,Research on hydrogen water and gallstones. Studies examine various aspects and benefits related to this health condition.,Hydrogen Water and Gallstones,Various Researchers,2023,https://hydrogenstudies.com/study/gallstones
Gastritis,Research on hydrogen water and gastritis. Studies examine various aspects and benefits related to this health condition.,Hydrogen Water and Gastritis,Various Researchers,2023,https://hydrogenstudies.com/study/gastritis
Glaucoma,Research on hydrogen water and glaucoma. Studies examine various aspects and benefits related to this health condition.,Hydrogen Water and Glaucoma,Various Researchers,2023,https://hydrogenstudies.com/study/glaucoma
Gout,Research on hydrogen water and gout. Studies examine various aspects and benefits related to this health condition.,Hydrogen Water and Gout,Various Researchers,2023,https://hydrogenstudies.com/study/gout
Headaches,Research on hydrogen water and headaches. Studies examine various aspects and benefits related to this health condition.,Hydrogen Water and Headaches,Various Researchers,2023,https://hydrogenstudies.com/study/headaches
Heart Attack,Research on hydrogen water and heart attack. Studies examine various aspects and benefits related to this health condition.,Hydrogen Water and Heart Attack,Various Researchers,2023,https://hydrogenstudies.com/study/heart-attack
Heart Disease,Research on hydrogen water and heart disease. Studies examine various aspects and benefits related to this health condition.,Hydrogen Water and Heart Disease,Various Researchers,2023,https://hydrogenstudies.com/study/heart-disease
Hepatitis,Research on hydrogen water and hepatitis. Studies examine various aspects and benefits related to this health condition.,Hydrogen Water and Hepatitis,Various Researchers,2023,https://hydrogenstudies.com/study/hepatitis
High Blood Pressure,Research on hydrogen water and high blood pressure. Studies examine various aspects and benefits related to this health condition.,Hydrogen Water and High Blood Pressure,Various Researchers,2023,https://hydrogenstudies.com/study/high-blood-pressure
High Cholesterol,Research on hydrogen water and high cholesterol. Studies examine various aspects and benefits related to this health condition.,Hydrogen Water and High Cholesterol,Various Researchers,2023,https://hydrogenstudies.com/study/high-cholesterol
HIV/AIDS,Research on hydrogen water and hiv/aids. Studies examine various aspects and benefits related to this health condition.,Hydrogen Water and HIV/AIDS,Various Researchers,2023,https://hydrogenstudies.com/study/hiv/aids
Hormonal Imbalance,Research on hydrogen water and hormonal imbalance. Studies examine various aspects and benefits related to this health condition.,Hydrogen Water and Hormonal Imbalance,Various Researchers,2023,https://hydrogenstudies.com/study/hormonal-imbalance
Hypertension,Research on hydrogen water and hypertension. Studies examine various aspects and benefits related to this health condition.,Hydrogen Water and Hypertension,Various Researchers,2023,https://hydrogenstudies.com/study/hypertension
Inflammation,Research on hydrogen water and inflammation. Studies examine various aspects and benefits related to this health condition.,Hydrogen Water and Inflammation,Various Researchers,2023,https://hydrogenstudies.com/study/inflammation
Inflammatory Bowel Disease,Research on hydrogen water and inflammatory bowel disease. Studies examine various aspects and benefits related to this health condition.,Hydrogen Water and Inflammatory Bowel Disease,Various Researchers,2023,https://hydrogenstudies.com/study/inflammatory-bowel-disease
Insomnia,Research on hydrogen water and insomnia. Studies examine various aspects and benefits related to this health condition.,Hydrogen Water and Insomnia,Various Researchers,2023,https://hydrogenstudies.com/study/insomnia
Irritable Bowel Syndrome,Research on hydrogen water and irritable bowel syndrome. Studies examine various aspects and benefits related to this health condition.,Hydrogen Water and Irritable Bowel Syndrome,Various Researchers,2023,https://hydrogenstudies.com/study/irritable-bowel-syndrome
Joint Pain,Research on hydrogen water and joint pain. Studies examine various aspects and benefits related to this health condition.,Hydrogen Water and Joint Pain,Various Researchers,2023,https://hydrogenstudies.com/study/joint-pain
Kidney Disease,Research on hydrogen water and kidney disease. Studies examine various aspects and benefits related to this health condition.,Hydrogen Water and Kidney Disease,Various Researchers,2023,https://hydrogenstudies.com/study/kidney-disease
Kidney Stones,Research on hydrogen water and kidney stones. Studies examine various aspects and benefits related to this health condition.,Hydrogen Water and Kidney Stones,Various Researchers,2023,https://hydrogenstudies.com/study/kidney-stones
Leukemia,Research on hydrogen water and leukemia. Studies examine various aspects and benefits related to this health condition.,Hydrogen Water and Leukemia,Various Researchers,2023,https://hydrogenstudies.com/study/leukemia
Liver Disease,Research on hydrogen water and liver disease. Studies examine various aspects and benefits related to this health condition.,Hydrogen Water and Liver Disease,Various Researchers,2023,https://hydrogenstudies.com/study/liver-disease
Lung Cancer,Research on hydrogen water and lung cancer. Studies examine various aspects and benefits related to this health condition.,Hydrogen Water and Lung Cancer,Various Researchers,2023,https://hydrogenstudies.com/study/lung-cancer
Lupus,Research on hydrogen water and lupus. Studies examine various aspects and benefits related to this health condition.,Hydrogen Water and Lupus,Various Researchers,2023,https://hydrogenstudies.com/study/lupus
Lyme Disease,Research on hydrogen water and lyme disease. Studies examine various aspects and benefits related to this health condition.,Hydrogen Water and Lyme Disease,Various Researchers,2023,https://hydrogenstudies.com/study/lyme-disease
Macular Degeneration,Research on hydrogen water and macular degeneration. Studies examine various aspects and benefits related to this health condition.,Hydrogen Water and Macular Degeneration,Various Researchers,2023,https://hydrogenstudies.com/study/macular-degeneration
Melanoma,Research on hydrogen water and melanoma. Studies examine various aspects and benefits related to this health condition.,Hydrogen Water and Melanoma,Various Researchers,2023,https://hydrogenstudies.com/study/melanoma
Memory Loss,Research on hydrogen water and memory loss. Studies examine various aspects and benefits related to this health condition.,Hydrogen Water and Memory Loss,Various Researchers,2023,https://hydrogenstudies.com/study/memory-loss
Menopause,Research on hydrogen water and menopause. Studies examine various aspects and benefits related to this health condition.,Hydrogen Water and Menopause,Various Researchers,2023,https://hydrogenstudies.com/study/menopause
Migraine,Research on hydrogen water and migraine. Studies examine various aspects and benefits related to this health condition.,Hydrogen Water and Migraine,Various Researchers,2023,https://hydrogenstudies.com/study/migraine
Multiple Sclerosis,Research on hydrogen water and multiple sclerosis. Studies examine various aspects and benefits related to this health condition.,Hydrogen Water and Multiple Sclerosis,Various Researchers,2023,https://hydrogenstudies.com/study/multiple-sclerosis
Muscle Pain,Research on hydrogen water and muscle pain. Studies examine various aspects and benefits related to this health condition.,Hydrogen Water and Muscle Pain,Various Researchers,2023,https://hydrogenstudies.com/study/muscle-pain
Nausea,Research on hydrogen water and nausea. Studies examine various aspects and benefits related to this health condition.,Hydrogen Water and Nausea,Various Researchers,2023,https://hydrogenstudies.com/study/nausea
Neuropathy,Research on hydrogen water and neuropathy. Studies examine various aspects and benefits related to this health condition.,Hydrogen Water and Neuropathy,Various Researchers,2023,https://hydrogenstudies.com/study/neuropathy
Obesity,Research on hydrogen water and obesity. Studies examine various aspects and benefits related to this health condition.,Hydrogen Water and Obesity,Various Researchers,2023,https://hydrogenstudies.com/study/obesity
Osteoarthritis,Research on hydrogen water and osteoarthritis. Studies examine various aspects and benefits related to this health condition.,Hydrogen Water and Osteoarthritis,Various Researchers,2023,https://hydrogenstudies.com/study/osteoarthritis
Osteoporosis,Research on hydrogen water and osteoporosis. Studies examine various aspects and benefits related to this health condition.,Hydrogen Water and Osteoporosis,Various Researchers,2023,https://hydrogenstudies.com/study/osteoporosis
Ovarian Cancer,Research on hydrogen water and ovarian cancer. Studies examine various aspects and benefits related to this health condition.,Hydrogen Water and Ovarian Cancer,Various Researchers,2023,https://hydrogenstudies.com/study/ovarian-cancer
Pancreatic Cancer,Research on hydrogen water and pancreatic cancer. Studies examine various aspects and benefits related to this health condition.,Hydrogen Water and Pancreatic Cancer,Various Researchers,2023,https://hydrogenstudies.com/study/pancreatic-cancer
Pancreatitis,Research on hydrogen water and pancreatitis. Studies examine various aspects and benefits related to this health condition.,Hydrogen Water and Pancreatitis,Various Researchers,2023,https://hydrogenstudies.com/study/pancreatitis
Parkinson's Disease,Research on hydrogen water and parkinson's disease. Studies examine various aspects and benefits related to this health condition.,Hydrogen Water and Parkinson's Disease,Various Researchers,2023,https://hydrogenstudies.com/study/parkinsons-disease
PCOS,Research on hydrogen water and pcos. Studies examine various aspects and benefits related to this health condition.,Hydrogen Water and PCOS,Various Researchers,2023,https://hydrogenstudies.com/study/pcos
Pneumonia,Research on hydrogen water and pneumonia. Studies examine various aspects and benefits related to this health condition.,Hydrogen Water and Pneumonia,Various Researchers,2023,https://hydrogenstudies.com/study/pneumonia
Prostate Cancer,Research on hydrogen water and prostate cancer. Studies examine various aspects and benefits related to this health condition.,Hydrogen Water and Prostate Cancer,Various Researchers,2023,https://hydrogenstudies.com/study/prostate-cancer
Psoriasis,Research on hydrogen water and psoriasis. Studies examine various aspects and benefits related to this health condition.,Hydrogen Water and Psoriasis,Various Researchers,2023,https://hydrogenstudies.com/study/psoriasis
Rheumatoid Arthritis,Research on hydrogen water and rheumatoid arthritis. Studies examine various aspects and benefits related to this health condition.,Hydrogen Water and Rheumatoid Arthritis,Various Researchers,2023,https://hydrogenstudies.com/study/rheumatoid-arthritis
Rosacea,Research on hydrogen water and rosacea. Studies examine various aspects and benefits related to this health condition.,Hydrogen Water and Rosacea,Various Researchers,2023,https://hydrogenstudies.com/study/rosacea
Schizophrenia,Research on hydrogen water and schizophrenia. Studies examine various aspects and benefits related to this health condition.,Hydrogen Water and Schizophrenia,Various Researchers,2023,https://hydrogenstudies.com/study/schizophrenia
Scleroderma,Research on hydrogen water and scleroderma. Studies examine various aspects and benefits related to this health condition.,Hydrogen Water and Scleroderma,Various Researchers,2023,https://hydrogenstudies.com/study/scleroderma
Seizures,Research on hydrogen water and seizures. Studies examine various aspects and benefits related to this health condition.,Hydrogen Water and Seizures,Various Researchers,2023,https://hydrogenstudies.com/study/seizures
Sinusitis,Research on hydrogen water and sinusitis. Studies examine various aspects and benefits related to this health condition.,Hydrogen Water and Sinusitis,Various Researchers,2023,https://hydrogenstudies.com/study/sinusitis
Skin Cancer,Research on hydrogen water and skin cancer. Studies examine various aspects and benefits related to this health condition.,Hydrogen Water and Skin Cancer,Various Researchers,2023,https://hydrogenstudies.com/study/skin-cancer
Sleep Apnea,Research on hydrogen water and sleep apnea. Studies examine various aspects and benefits related to this health condition.,Hydrogen Water and Sleep Apnea,Various Researchers,2023,https://hydrogenstudies.com/study/sleep-apnea
Spinal Cord Injury,Research on hydrogen water and spinal cord injury. Studies examine various aspects and benefits related to this health condition.,Hydrogen Water and Spinal Cord Injury,Various Researchers,2023,https://hydrogenstudies.com/study/spinal-cord-injury
Stroke,Research on hydrogen water and stroke. Studies examine various aspects and benefits related to this health condition.,Hydrogen Water and Stroke,Various Researchers,2023,https://hydrogenstudies.com/study/stroke
Thyroid Disease,Research on hydrogen water and thyroid disease. Studies examine various aspects and benefits related to this health condition.,Hydrogen Water and Thyroid Disease,Various Researchers,2023,https://hydrogenstudies.com/study/thyroid-disease
Tinnitus,Research on hydrogen water and tinnitus. Studies examine various aspects and benefits related to this health condition.,Hydrogen Water and Tinnitus,Various Researchers,2023,https://hydrogenstudies.com/study/tinnitus
Tuberculosis,Research on hydrogen water and tuberculosis. Studies examine various aspects and benefits related to this health condition.,Hydrogen Water and Tuberculosis,Various Researchers,2023,https://hydrogenstudies.com/study/tuberculosis
Ulcerative Colitis,Research on hydrogen water and ulcerative colitis. Studies examine various aspects and benefits related to this health condition.,Hydrogen Water and Ulcerative Colitis,Various Researchers,2023,https://hydrogenstudies.com/study/ulcerative-colitis
Urinary Tract Infection,Research on hydrogen water and urinary tract infection. Studies examine various aspects and benefits related to this health condition.,Hydrogen Water and Urinary Tract Infection,Various Researchers,2023,https://hydrogenstudies.com/study/urinary-tract-infection
Vision Problems,Research on hydrogen water and vision problems. Studies examine various aspects and benefits related to this health condition.,Hydrogen Water and Vision Problems,Various Researchers,2023,https://hydrogenstudies.com/study/vision-problems
Vitiligo,Research on hydrogen water and vitiligo. Studies examine various aspects and benefits related to this health condition.,Hydrogen Water and Vitiligo,Various Researchers,2023,https://hydrogenstudies.com/study/vitiligo
Acid Reflux,Research on hydrogen water and acid reflux. Studies examine various aspects and benefits related to this health condition.,Hydrogen Water and Acid Reflux,Various Researchers,2023,https://hydrogenstudies.com/study/acid-reflux
Adrenal Fatigue,Research on hydrogen water and adrenal fatigue. Studies examine various aspects and benefits related to this health condition.,Hydrogen Water and Adrenal Fatigue,Various Researchers,2023,https://hydrogenstudies.com/study/adrenal-fatigue
Allergic Rhinitis,Research on hydrogen water and allergic rhinitis. Studies examine various aspects and benefits related to this health condition.,Hydrogen Water and Allergic Rhinitis,Various Researchers,2023,https://hydrogenstudies.com/study/allergic-rhinitis
Anxiety Disorders,Research on hydrogen water and anxiety disorders. Studies examine various aspects and benefits related to this health condition.,Hydrogen Water and Anxiety Disorders,Various Researchers,2023,https://hydrogenstudies.com/study/anxiety-disorders
Arrhythmia,Research on hydrogen water and arrhythmia. Studies examine various aspects and benefits related to this health condition.,Hydrogen Water and Arrhythmia,Various Researchers,2023,https://hydrogenstudies.com/study/arrhythmia
Atrial Fibrillation,Research on hydrogen water and atrial fibrillation. Studies examine various aspects and benefits related to this health condition.,Hydrogen Water and Atrial Fibrillation,Various Researchers,2023,https://hydrogenstudies.com/study/atrial-fibrillation
Autoimmune Disease,Research on hydrogen water and autoimmune disease. Studies examine various aspects and benefits related to this health condition.,Hydrogen Water and Autoimmune Disease,Various Researchers,2023,https://hydrogenstudies.com/study/autoimmune-disease
Bacterial Infections,Research on hydrogen water and bacterial infections. Studies examine various aspects and benefits related to this health condition.,Hydrogen Water and Bacterial Infections,Various Researchers,2023,https://hydrogenstudies.com/study/bacterial-infections
Bell's Palsy,Research on hydrogen water and bell's palsy. Studies examine various aspects and benefits related to this health condition.,Hydrogen Water and Bell's Palsy,Various Researchers,2023,https://hydrogenstudies.com/study/bells-palsy
Benign Prostatic Hyperplasia,Research on hydrogen water and benign prostatic hyperplasia. Studies examine various aspects and benefits related to this health condition.,Hydrogen Water and Benign Prostatic Hyperplasia,Various Researchers,2023,https://hydrogenstudies.com/study/benign-prostatic-hyperplasia
Bleeding Disorders,Research on hydrogen water and bleeding disorders. Studies examine various aspects and benefits related to this health condition.,Hydrogen Water and Bleeding Disorders,Various Researchers,2023,https://hydrogenstudies.com/study/bleeding-disorders
Blood Clots,Research on hydrogen water and blood clots. Studies examine various aspects and benefits related to this health condition.,Hydrogen Water and Blood Clots,Various Researchers,2023,https://hydrogenstudies.com/study/blood-clots
Bone Cancer,Research on hydrogen water and bone cancer. Studies examine various aspects and benefits related to this health condition.,Hydrogen Water and Bone Cancer,Various Researchers,2023,https://hydrogenstudies.com/study/bone-cancer
Brain Cancer,Research on hydrogen water and brain cancer. Studies examine various aspects and benefits related to this health condition.,Hydrogen Water and Brain Cancer,Various Researchers,2023,https://hydrogenstudies.com/study/brain-cancer
Bronchitis,Research on hydrogen water and bronchitis. Studies examine various aspects and benefits related to this health condition.,Hydrogen Water and Bronchitis,Various Researchers,2023,https://hydrogenstudies.com/study/bronchitis
Bursitis,Research on hydrogen water and bursitis. Studies examine various aspects and benefits related to this health condition.,Hydrogen Water and Bursitis,Various Researchers,2023,https://hydrogenstudies.com/study/bursitis
Carpal Tunnel Syndrome,Research on hydrogen water and carpal tunnel syndrome. Studies examine various aspects and benefits related to this health condition.,Hydrogen Water and Carpal Tunnel Syndrome,Various Researchers,2023,https://hydrogenstudies.com/study/carpal-tunnel-syndrome
Cervical Cancer,Research on hydrogen water and cervical cancer. Studies examine various aspects and benefits related to this health condition.,Hydrogen Water and Cervical Cancer,Various Researchers,2023,https://hydrogenstudies.com/study/cervical-cancer
Chronic Bronchitis,Research on hydrogen water and chronic bronchitis. Studies examine various aspects and benefits related to this health condition.,Hydrogen Water and Chronic Bronchitis,Various Researchers,2023,https://hydrogenstudies.com/study/chronic-bronchitis
Chronic Kidney Disease,Research on hydrogen water and chronic kidney disease. Studies examine various aspects and benefits related to this health condition.,Hydrogen Water and Chronic Kidney Disease,Various Researchers,2023,https://hydrogenstudies.com/study/chronic-kidney-disease
Chronic Migraine,Research on hydrogen water and chronic migraine. Studies examine various aspects and benefits related to this health condition.,Hydrogen Water and Chronic Migraine,Various Researchers,2023,https://hydrogenstudies.com/study/chronic-migraine
Chronic Obstructive Pulmonary Disease,Research on hydrogen water and chronic obstructive pulmonary disease. Studies examine various aspects and benefits related to this health condition.,Hydrogen Water and Chronic Obstructive Pulmonary Disease,Various Researchers,2023,https://hydrogenstudies.com/study/chronic-obstructive-pulmonary-disease
Chronic Sinusitis,Research on hydrogen water and chronic sinusitis. Studies examine various aspects and benefits related to this health condition.,Hydrogen Water and Chronic Sinusitis,Various Researchers,2023,https://hydrogenstudies.com/study/chronic-sinusitis
Circulation Problems,Research on hydrogen water and circulation problems. Studies examine various aspects and benefits related to this health condition.,Hydrogen Water and Circulation Problems,Various Researchers,2023,https://hydrogenstudies.com/study/circulation-problems
Colorectal Cancer,Research on hydrogen water and colorectal cancer. Studies examine various aspects and benefits related to this health condition.,Hydrogen Water and Colorectal Cancer,Various Researchers,2023,https://hydrogenstudies.com/study/colorectal-cancer
Common Cold,Research on hydrogen water and common cold. Studies examine various aspects and benefits related to this health condition.,Hydrogen Water and Common Cold,Various Researchers,2023,https://hydrogenstudies.com/study/common-cold
Concussion,Research on hydrogen water and concussion. Studies examine various aspects and benefits related to this health condition.,Hydrogen Water and Concussion,Various Researchers,2023,https://hydrogenstudies.com/study/concussion
Congestive Heart Failure,Research on hydrogen water and congestive heart failure. Studies examine various aspects and benefits related to this health condition.,Hydrogen Water and Congestive Heart Failure,Various Researchers,2023,https://hydrogenstudies.com/study/congestive-heart-failure
Constipation,Research on hydrogen water and constipation. Studies examine various aspects and benefits related to this health condition.,Hydrogen Water and Constipation,Various Researchers,2023,https://hydrogenstudies.com/study/constipation
Coronary Artery Disease,Research on hydrogen water and coronary artery disease. Studies examine various aspects and benefits related to this health condition.,Hydrogen Water and Coronary Artery Disease,Various Researchers,2023,https://hydrogenstudies.com/study/coronary-artery-disease
Cystic Fibrosis,Research on hydrogen water and cystic fibrosis. Studies examine various aspects and benefits related to this health condition.,Hydrogen Water and Cystic Fibrosis,Various Researchers,2023,https://hydrogenstudies.com/study/cystic-fibrosis
Deep Vein Thrombosis,Research on hydrogen water and deep vein thrombosis. Studies examine various aspects and benefits related to this health condition.,Hydrogen Water and Deep Vein Thrombosis,Various Researchers,2023,https://hydrogenstudies.com/study/deep-vein-thrombosis
Dental Problems,Research on hydrogen water and dental problems. Studies examine various aspects and benefits related to this health condition.,Hydrogen Water and Dental Problems,Various Researchers,2023,https://hydrogenstudies.com/study/dental-problems
Dermatitis,Research on hydrogen water and dermatitis. Studies examine various aspects and benefits related to this health condition.,Hydrogen Water and Dermatitis,Various Researchers,2023,https://hydrogenstudies.com/study/dermatitis
Diabetes Complications,Research on hydrogen water and diabetes complications. Studies examine various aspects and benefits related to this health condition.,Hydrogen Water and Diabetes Complications,Various Researchers,2023,https://hydrogenstudies.com/study/diabetes-complications
Diabetic Neuropathy,Research on hydrogen water and diabetic neuropathy. Studies examine various aspects and benefits related to this health condition.,Hydrogen Water and Diabetic Neuropathy,Various Researchers,2023,https://hydrogenstudies.com/study/diabetic-neuropathy
Diarrhea,Research on hydrogen water and diarrhea. Studies examine various aspects and benefits related to this health condition.,Hydrogen Water and Diarrhea,Various Researchers,2023,https://hydrogenstudies.com/study/diarrhea
Diverticulosis,Research on hydrogen water and diverticulosis. Studies examine various aspects and benefits related to this health condition.,Hydrogen Water and Diverticulosis,Various Researchers,2023,https://hydrogenstudies.com/study/diverticulosis
Dry Eye Syndrome,Research on hydrogen water and dry eye syndrome. Studies examine various aspects and benefits related to this health condition.,Hydrogen Water and Dry Eye Syndrome,Various Researchers,2023,https://hydrogenstudies.com/study/dry-eye-syndrome
Dyslexia,Research on hydrogen water and dyslexia. Studies examine various aspects and benefits related to this health condition.,Hydrogen Water and Dyslexia,Various Researchers,2023,https://hydrogenstudies.com/study/dyslexia
Ear Infections,Research on hydrogen water and ear infections. Studies examine various aspects and benefits related to this health condition.,Hydrogen Water and Ear Infections,Various Researchers,2023,https://hydrogenstudies.com/study/ear-infections
Eating Disorders,Research on hydrogen water and eating disorders. Studies examine various aspects and benefits related to this health condition.,Hydrogen Water and Eating Disorders,Various Researchers,2023,https://hydrogenstudies.com/study/eating-disorders
Eczema,Research on hydrogen water and eczema. Studies examine various aspects and benefits related to this health condition.,Hydrogen Water and Eczema,Various Researchers,2023,https://hydrogenstudies.com/study/eczema
Edema,Research on hydrogen water and edema. Studies examine various aspects and benefits related to this health condition.,Hydrogen Water and Edema,Various Researchers,2023,https://hydrogenstudies.com/study/edema
Endometrial Cancer,Research on hydrogen water and endometrial cancer. Studies examine various aspects and benefits related to this health condition.,Hydrogen Water and Endometrial Cancer,Various Researchers,2023,https://hydrogenstudies.com/study/endometrial-cancer
Eosinophilic Esophagitis,Research on hydrogen water and eosinophilic esophagitis. Studies examine various aspects and benefits related to this health condition.,Hydrogen Water and Eosinophilic Esophagitis,Various Researchers,2023,https://hydrogenstudies.com/study/eosinophilic-esophagitis
Erectile Dysfunction,Research on hydrogen water and erectile dysfunction. Studies examine various aspects and benefits related to this health condition.,Hydrogen Water and Erectile Dysfunction,Various Researchers,2023,https://hydrogenstudies.com/study/erectile-dysfunction
Esophageal Cancer,Research on hydrogen water and esophageal cancer. Studies examine various aspects and benefits related to this health condition.,Hydrogen Water and Esophageal Cancer,Various Researchers,2023,https://hydrogenstudies.com/study/esophageal-cancer
Essential Tremor,Research on hydrogen water and essential tremor. Studies examine various aspects and benefits related to this health condition.,Hydrogen Water and Essential Tremor,Various Researchers,2023,https://hydrogenstudies.com/study/essential-tremor
Eye Infections,Research on hydrogen water and eye infections. Studies examine various aspects and benefits related to this health condition.,Hydrogen Water and Eye Infections,Various Researchers,2023,https://hydrogenstudies.com/study/eye-infections
Facial Pain,Research on hydrogen water and facial pain. Studies examine various aspects and benefits related to this health condition.,Hydrogen Water and Facial Pain,Various Researchers,2023,https://hydrogenstudies.com/study/facial-pain
Fatty Liver Disease,Research on hydrogen water and fatty liver disease. Studies examine various aspects and benefits related to this health condition.,Hydrogen Water and Fatty Liver Disease,Various Researchers,2023,https://hydrogenstudies.com/study/fatty-liver-disease
Fibroids,Research on hydrogen water and fibroids. Studies examine various aspects and benefits related to this health condition.,Hydrogen Water and Fibroids,Various Researchers,2023,https://hydrogenstudies.com/study/fibroids
Food Poisoning,Research on hydrogen water and food poisoning. Studies examine various aspects and benefits related to this health condition.,Hydrogen Water and Food Poisoning,Various Researchers,2023,https://hydrogenstudies.com/study/food-poisoning
Fractures,Research on hydrogen water and fractures. Studies examine various aspects and benefits related to this health condition.,Hydrogen Water and Fractures,Various Researchers,2023,https://hydrogenstudies.com/study/fractures
Fungal Infections,Research on hydrogen water and fungal infections. Studies examine various aspects and benefits related to this health condition.,Hydrogen Water and Fungal Infections,Various Researchers,2023,https://hydrogenstudies.com/study/fungal-infections
Gallbladder Disease,Research on hydrogen water and gallbladder disease. Studies examine various aspects and benefits related to this health condition.,Hydrogen Water and Gallbladder Disease,Various Researchers,2023,https://hydrogenstudies.com/study/gallbladder-disease
Gastroparesis,Research on hydrogen water and gastroparesis. Studies examine various aspects and benefits related to this health condition.,Hydrogen Water and Gastroparesis,Various Researchers,2023,https://hydrogenstudies.com/study/gastroparesis
Genital Herpes,Research on hydrogen water and genital herpes. Studies examine various aspects and benefits related to this health condition.,Hydrogen Water and Genital Herpes,Various Researchers,2023,https://hydrogenstudies.com/study/genital-herpes
Glomerulonephritis,Research on hydrogen water and glomerulonephritis. Studies examine various aspects and benefits related to this health condition.,Hydrogen Water and Glomerulonephritis,Various Researchers,2023,https://hydrogenstudies.com/study/glomerulonephritis
Gout,Research on hydrogen water and gout. Studies examine various aspects and benefits related to this health condition.,Hydrogen Water and Gout,Various Researchers,2023,https://hydrogenstudies.com/study/gout
Graves' Disease,Research on hydrogen water and graves' disease. Studies examine various aspects and benefits related to this health condition.,Hydrogen Water and Graves' Disease,Various Researchers,2023,https://hydrogenstudies.com/study/graves-disease
Gum Disease,Research on hydrogen water and gum disease. Studies examine various aspects and benefits related to this health condition.,Hydrogen Water and Gum Disease,Various Researchers,2023,https://hydrogenstudies.com/study/gum-disease
Hair Loss,Research on hydrogen water and hair loss. Studies examine various aspects and benefits related to this health condition.,Hydrogen Water and Hair Loss,Various Researchers,2023,https://hydrogenstudies.com/study/hair-loss
Hashimoto's Disease,Research on hydrogen water and hashimoto's disease. Studies examine various aspects and benefits related to this health condition.,Hydrogen Water and Hashimoto's Disease,Various Researchers,2023,https://hydrogenstudies.com/study/hashimotos-disease
Head and Neck Cancer,Research on hydrogen water and head and neck cancer. Studies examine various aspects and benefits related to this health condition.,Hydrogen Water and Head and Neck Cancer,Various Researchers,2023,https://hydrogenstudies.com/study/head-and-neck-cancer
Hearing Loss,Research on hydrogen water and hearing loss. Studies examine various aspects and benefits related to this health condition.,Hydrogen Water and Hearing Loss,Various Researchers,2023,https://hydrogenstudies.com/study/hearing-loss
Heart Failure,Research on hydrogen water and heart failure. Studies examine various aspects and benefits related to this health condition.,Hydrogen Water and Heart Failure,Various Researchers,2023,https://hydrogenstudies.com/study/heart-failure
Heart Palpitations,Research on hydrogen water and heart palpitations. Studies examine various aspects and benefits related to this health condition.,Hydrogen Water and Heart Palpitations,Various Researchers,2023,https://hydrogenstudies.com/study/heart-palpitations
Hemorrhoids,Research on hydrogen water and hemorrhoids. Studies examine various aspects and benefits related to this health condition.,Hydrogen Water and Hemorrhoids,Various Researchers,2023,https://hydrogenstudies.com/study/hemorrhoids
Hepatitis A,Research on hydrogen water and hepatitis a. Studies examine various aspects and benefits related to this health condition.,Hydrogen Water and Hepatitis A,Various Researchers,2023,https://hydrogenstudies.com/study/hepatitis-a
Hepatitis B,Research on hydrogen water and hepatitis b. Studies examine various aspects and benefits related to this health condition.,Hydrogen Water and Hepatitis B,Various Researchers,2023,https://hydrogenstudies.com/study/hepatitis-b
Hepatitis C,Research on hydrogen water and hepatitis c. Studies examine various aspects and benefits related to this health condition.,Hydrogen Water and Hepatitis C,Various Researchers,2023,https://hydrogenstudies.com/study/hepatitis-c
Hernia,Research on hydrogen water and hernia. Studies examine various aspects and benefits related to this health condition.,Hydrogen Water and Hernia,Various Researchers,2023,https://hydrogenstudies.com/study/hernia
Herpes Simplex,Research on hydrogen water and herpes simplex. Studies examine various aspects and benefits related to this health condition.,Hydrogen Water and Herpes Simplex,Various Researchers,2023,https://hydrogenstudies.com/study/herpes-simplex
High Triglycerides,Research on hydrogen water and high triglycerides. Studies examine various aspects and benefits related to this health condition.,Hydrogen Water and High Triglycerides,Various Researchers,2023,https://hydrogenstudies.com/study/high-triglycerides
Hives,Research on hydrogen water and hives. Studies examine various aspects and benefits related to this health condition.,Hydrogen Water and Hives,Various Researchers,2023,https://hydrogenstudies.com/study/hives
Hormone Imbalance,Research on hydrogen water and hormone imbalance. Studies examine various aspects and benefits related to this health condition.,Hydrogen Water and Hormone Imbalance,Various Researchers,2023,https://hydrogenstudies.com/study/hormone-imbalance
Hot Flashes,Research on hydrogen water and hot flashes. Studies examine various aspects and benefits related to this health condition.,Hydrogen Water and Hot Flashes,Various Researchers,2023,https://hydrogenstudies.com/study/hot-flashes
Hyperthyroidism,Research on hydrogen water and hyperthyroidism. Studies examine various aspects and benefits related to this health condition.,Hydrogen Water and Hyperthyroidism,Various Researchers,2023,https://hydrogenstudies.com/study/hyperthyroidism
Hypothyroidism,Research on hydrogen water and hypothyroidism. Studies examine various aspects and benefits related to this health condition.,Hydrogen Water and Hypothyroidism,Various Researchers,2023,https://hydrogenstudies.com/study/hypothyroidism
Immune System Disorders,Research on hydrogen water and immune system disorders. Studies examine various aspects and benefits related to this health condition.,Hydrogen Water and Immune System Disorders,Various Researchers,2023,https://hydrogenstudies.com/study/immune-system-disorders
Impotence,Research on hydrogen water and impotence. Studies examine various aspects and benefits related to this health condition.,Hydrogen Water and Impotence,Various Researchers,2023,https://hydrogenstudies.com/study/impotence
Infertility,Research on hydrogen water and infertility. Studies examine various aspects and benefits related to this health condition.,Hydrogen Water and Infertility,Various Researchers,2023,https://hydrogenstudies.com/study/infertility
Inflammatory Arthritis,Research on hydrogen water and inflammatory arthritis. Studies examine various aspects and benefits related to this health condition.,Hydrogen Water and Inflammatory Arthritis,Various Researchers,2023,https://hydrogenstudies.com/study/inflammatory-arthritis
Insulin Resistance,Research on hydrogen water and insulin resistance. Studies examine various aspects and benefits related to this health condition.,Hydrogen Water and Insulin Resistance,Various Researchers,2023,https://hydrogenstudies.com/study/insulin-resistance
Interstitial Cystitis,Research on hydrogen water and interstitial cystitis. Studies examine various aspects and benefits related to this health condition.,Hydrogen Water and Interstitial Cystitis,Various Researchers,2023,https://hydrogenstudies.com/study/interstitial-cystitis
Iron Deficiency,Research on hydrogen water and iron deficiency. Studies examine various aspects and benefits related to this health condition.,Hydrogen Water and Iron Deficiency,Various Researchers,2023,https://hydrogenstudies.com/study/iron-deficiency
Irritable Bowel Disease,Research on hydrogen water and irritable bowel disease. Studies examine various aspects and benefits related to this health condition.,Hydrogen Water and Irritable Bowel Disease,Various Researchers,2023,https://hydrogenstudies.com/study/irritable-bowel-disease
Jaundice,Research on hydrogen water and jaundice. Studies examine various aspects and benefits related to this health condition.,Hydrogen Water and Jaundice,Various Researchers,2023,https://hydrogenstudies.com/study/jaundice
Kidney Cancer,Research on hydrogen water and kidney cancer. Studies examine various aspects and benefits related to this health condition.,Hydrogen Water and Kidney Cancer,Various Researchers,2023,https://hydrogenstudies.com/study/kidney-cancer
Kidney Infection,Research on hydrogen water and kidney infection. Studies examine various aspects and benefits related to this health condition.,Hydrogen Water and Kidney Infection,Various Researchers,2023,https://hydrogenstudies.com/study/kidney-infection
Kidney Stones,Research on hydrogen water and kidney stones. Studies examine various aspects and benefits related to this health condition.,Hydrogen Water and Kidney Stones,Various Researchers,2023,https://hydrogenstudies.com/study/kidney-stones
Lactose Intolerance,Research on hydrogen water and lactose intolerance. Studies examine various aspects and benefits related to this health condition.,Hydrogen Water and Lactose Intolerance,Various Researchers,2023,https://hydrogenstudies.com/study/lactose-intolerance
Laryngeal Cancer,Research on hydrogen water and laryngeal cancer. Studies examine various aspects and benefits related to this health condition.,Hydrogen Water and Laryngeal Cancer,Various Researchers,2023,https://hydrogenstudies.com/study/laryngeal-cancer
Leukemia,Research on hydrogen water and leukemia. Studies examine various aspects and benefits related to this health condition.,Hydrogen Water and Leukemia,Various Researchers,2023,https://hydrogenstudies.com/study/leukemia
Liver Cancer,Research on hydrogen water and liver cancer. Studies examine various aspects and benefits related to this health condition.,Hydrogen Water and Liver Cancer,Various Researchers,2023,https://hydrogenstudies.com/study/liver-cancer
Low Blood Pressure,Research on hydrogen water and low blood pressure. Studies examine various aspects and benefits related to this health condition.,Hydrogen Water and Low Blood Pressure,Various Researchers,2023,https://hydrogenstudies.com/study/low-blood-pressure
Low Testosterone,Research on hydrogen water and low testosterone. Studies examine various aspects and benefits related to this health condition.,Hydrogen Water and Low Testosterone,Various Researchers,2023,https://hydrogenstudies.com/study/low-testosterone
Lung Disease,Research on hydrogen water and lung disease. Studies examine various aspects and benefits related to this health condition.,Hydrogen Water and Lung Disease,Various Researchers,2023,https://hydrogenstudies.com/study/lung-disease
Lupus Nephritis,Research on hydrogen water and lupus nephritis. Studies examine various aspects and benefits related to this health condition.,Hydrogen Water and Lupus Nephritis,Various Researchers,2023,https://hydrogenstudies.com/study/lupus-nephritis
Lyme Disease,Research on hydrogen water and lyme disease. Studies examine various aspects and benefits related to this health condition.,Hydrogen Water and Lyme Disease,Various Researchers,2023,https://hydrogenstudies.com/study/lyme-disease
Lymphoma,Research on hydrogen water and lymphoma. Studies examine various aspects and benefits related to this health condition.,Hydrogen Water and Lymphoma,Various Researchers,2023,https://hydrogenstudies.com/study/lymphoma
Macular Degeneration,Research on hydrogen water and macular degeneration. Studies examine various aspects and benefits related to this health condition.,Hydrogen Water and Macular Degeneration,Various Researchers,2023,https://hydrogenstudies.com/study/macular-degeneration
Male Pattern Baldness,Research on hydrogen water and male pattern baldness. Studies examine various aspects and benefits related to this health condition.,Hydrogen Water and Male Pattern Baldness,Various Researchers,2023,https://hydrogenstudies.com/study/male-pattern-baldness
Malnutrition,Research on hydrogen water and malnutrition. Studies examine various aspects and benefits related to this health condition.,Hydrogen Water and Malnutrition,Various Researchers,2023,https://hydrogenstudies.com/study/malnutrition
Mastitis,Research on hydrogen water and mastitis. Studies examine various aspects and benefits related to this health condition.,Hydrogen Water and Mastitis,Various Researchers,2023,https://hydrogenstudies.com/study/mastitis
Melanoma,Research on hydrogen water and melanoma. Studies examine various aspects and benefits related to this health condition.,Hydrogen Water and Melanoma,Various Researchers,2023,https://hydrogenstudies.com/study/melanoma
Memory Problems,Research on hydrogen water and memory problems. Studies examine various aspects and benefits related to this health condition.,Hydrogen Water and Memory Problems,Various Researchers,2023,https://hydrogenstudies.com/study/memory-problems
Menstrual Disorders,Research on hydrogen water and menstrual disorders. Studies examine various aspects and benefits related to this health condition.,Hydrogen Water and Menstrual Disorders,Various Researchers,2023,https://hydrogenstudies.com/study/menstrual-disorders
Metabolic Syndrome,Research on hydrogen water and metabolic syndrome. Studies examine various aspects and benefits related to this health condition.,Hydrogen Water and Metabolic Syndrome,Various Researchers,2023,https://hydrogenstudies.com/study/metabolic-syndrome
Migraine with Aura,Research on hydrogen water and migraine with aura. Studies examine various aspects and benefits related to this health condition.,Hydrogen Water and Migraine with Aura,Various Researchers,2023,https://hydrogenstudies.com/study/migraine-with-aura
Miscarriage,Research on hydrogen water and miscarriage. Studies examine various aspects and benefits related to this health condition.,Hydrogen Water and Miscarriage,Various Researchers,2023,https://hydrogenstudies.com/study/miscarriage
Mitral Valve Prolapse,Research on hydrogen water and mitral valve prolapse. Studies examine various aspects and benefits related to this health condition.,Hydrogen Water and Mitral Valve Prolapse,Various Researchers,2023,https://hydrogenstudies.com/study/mitral-valve-prolapse
Mood Disorders,Research on hydrogen water and mood disorders. Studies examine various aspects and benefits related to this health condition.,Hydrogen Water and Mood Disorders,Various Researchers,2023,https://hydrogenstudies.com/study/mood-disorders
Motion Sickness,Research on hydrogen water and motion sickness. Studies examine various aspects and benefits related to this health condition.,Hydrogen Water and Motion Sickness,Various Researchers,2023,https://hydrogenstudies.com/study/motion-sickness
Multiple Myeloma,Research on hydrogen water and multiple myeloma. Studies examine various aspects and benefits related to this health condition.,Hydrogen Water and Multiple Myeloma,Various Researchers,2023,https://hydrogenstudies.com/study/multiple-myeloma
Muscular Dystrophy,Research on hydrogen water and muscular dystrophy. Studies examine various aspects and benefits related to this health condition.,Hydrogen Water and Muscular Dystrophy,Various Researchers,2023,https://hydrogenstudies.com/study/muscular-dystrophy
Myasthenia Gravis,Research on hydrogen water and myasthenia gravis. Studies examine various aspects and benefits related to this health condition.,Hydrogen Water and Myasthenia Gravis,Various Researchers,2023,https://hydrogenstudies.com/study/myasthenia-gravis
Nail Fungus,Research on hydrogen water and nail fungus. Studies examine various aspects and benefits related to this health condition.,Hydrogen Water and Nail Fungus,Various Researchers,2023,https://hydrogenstudies.com/study/nail-fungus
Narcolepsy,Research on hydrogen water and narcolepsy. Studies examine various aspects and benefits related to this health condition.,Hydrogen Water and Narcolepsy,Various Researchers,2023,https://hydrogenstudies.com/study/narcolepsy
Nasal Polyps,Research on hydrogen water and nasal polyps. Studies examine various aspects and benefits related to this health condition.,Hydrogen Water and Nasal Polyps,Various Researchers,2023,https://hydrogenstudies.com/study/nasal-polyps
Nausea and Vomiting,Research on hydrogen water and nausea and vomiting. Studies examine various aspects and benefits related to this health condition.,Hydrogen Water and Nausea and Vomiting,Various Researchers,2023,https://hydrogenstudies.com/study/nausea-and-vomiting
Nerve Pain,Research on hydrogen water and nerve pain. Studies examine various aspects and benefits related to this health condition.,Hydrogen Water and Nerve Pain,Various Researchers,2023,https://hydrogenstudies.com/study/nerve-pain
Neuropathy,Research on hydrogen water and neuropathy. Studies examine various aspects and benefits related to this health condition.,Hydrogen Water and Neuropathy,Various Researchers,2023,https://hydrogenstudies.com/study/neuropathy
Night Sweats,Research on hydrogen water and night sweats. Studies examine various aspects and benefits related to this health condition.,Hydrogen Water and Night Sweats,Various Researchers,2023,https://hydrogenstudies.com/study/night-sweats
Non-Hodgkin Lymphoma,Research on hydrogen water and non-hodgkin lymphoma. Studies examine various aspects and benefits related to this health condition.,Hydrogen Water and Non-Hodgkin Lymphoma,Various Researchers,2023,https://hydrogenstudies.com/study/non-hodgkin-lymphoma
Nosebleeds,Research on hydrogen water and nosebleeds. Studies examine various aspects and benefits related to this health condition.,Hydrogen Water and Nosebleeds,Various Researchers,2023,https://hydrogenstudies.com/study/nosebleeds
Obesity,Research on hydrogen water and obesity. Studies examine various aspects and benefits related to this health condition.,Hydrogen Water and Obesity,Various Researchers,2023,https://hydrogenstudies.com/study/obesity
Obsessive-Compulsive Disorder,Research on hydrogen water and obsessive-compulsive disorder. Studies examine various aspects and benefits related to this health condition.,Hydrogen Water and Obsessive-Compulsive Disorder,Various Researchers,2023,https://hydrogenstudies.com/study/obsessive-compulsive-disorder
Oral Cancer,Research on hydrogen water and oral cancer. Studies examine various aspects and benefits related to this health condition.,Hydrogen Water and Oral Cancer,Various Researchers,2023,https://hydrogenstudies.com/study/oral-cancer
Osteoarthritis,Research on hydrogen water and osteoarthritis. Studies examine various aspects and benefits related to this health condition.,Hydrogen Water and Osteoarthritis,Various Researchers,2023,https://hydrogenstudies.com/study/osteoarthritis
Osteoporosis,Research on hydrogen water and osteoporosis. Studies examine various aspects and benefits related to this health condition.,Hydrogen Water and Osteoporosis,Various Researchers,2023,https://hydrogenstudies.com/study/osteoporosis
Ovarian Cancer,Research on hydrogen water and ovarian cancer. Studies examine various aspects and benefits related to this health condition.,Hydrogen Water and Ovarian Cancer,Various Researchers,2023,https://hydrogenstudies.com/study/ovarian-cancer
Overactive Bladder,Research on hydrogen water and overactive bladder. Studies examine various aspects and benefits related to this health condition.,Hydrogen Water and Overactive Bladder,Various Researchers,2023,https://hydrogenstudies.com/study/overactive-bladder
Pancreatic Cancer,Research on hydrogen water and pancreatic cancer. Studies examine various aspects and benefits related to this health condition.,Hydrogen Water and Pancreatic Cancer,Various Researchers,2023,https://hydrogenstudies.com/study/pancreatic-cancer
Pancreatitis,Research on hydrogen water and pancreatitis. Studies examine various aspects and benefits related to this health condition.,Hydrogen Water and Pancreatitis,Various Researchers,2023,https://hydrogenstudies.com/study/pancreatitis
Panic Disorder,Research on hydrogen water and panic disorder. Studies examine various aspects and benefits related to this health condition.,Hydrogen Water and Panic Disorder,Various Researchers,2023,https://hydrogenstudies.com/study/panic-disorder
Parathyroid Disease,Research on hydrogen water and parathyroid disease. Studies examine various aspects and benefits related to this health condition.,Hydrogen Water and Parathyroid Disease,Various Researchers,2023,https://hydrogenstudies.com/study/parathyroid-disease
Parkinson's Disease,Research on hydrogen water and parkinson's disease. Studies examine various aspects and benefits related to this health condition.,Hydrogen Water and Parkinson's Disease,Various Researchers,2023,https://hydrogenstudies.com/study/parkinsons-disease
Pelvic Inflammatory Disease,Research on hydrogen water and pelvic inflammatory disease. Studies examine various aspects and benefits related to this health condition.,Hydrogen Water and Pelvic Inflammatory Disease,Various Researchers,2023,https://hydrogenstudies.com/study/pelvic-inflammatory-disease
Peptic Ulcer,Research on hydrogen water and peptic ulcer. Studies examine various aspects and benefits related to this health condition.,Hydrogen Water and Peptic Ulcer,Various Researchers,2023,https://hydrogenstudies.com/study/peptic-ulcer
Peripheral Artery Disease,Research on hydrogen water and peripheral artery disease. Studies examine various aspects and benefits related to this health condition.,Hydrogen Water and Peripheral Artery Disease,Various Researchers,2023,https://hydrogenstudies.com/study/peripheral-artery-disease
Peripheral Neuropathy,Research on hydrogen water and peripheral neuropathy. Studies examine various aspects and benefits related to this health condition.,Hydrogen Water and Peripheral Neuropathy,Various Researchers,2023,https://hydrogenstudies.com/study/peripheral-neuropathy
Peritonitis,Research on hydrogen water and peritonitis. Studies examine various aspects and benefits related to this health condition.,Hydrogen Water and Peritonitis,Various Researchers,2023,https://hydrogenstudies.com/study/peritonitis
Peyronie's Disease,Research on hydrogen water and peyronie's disease. Studies examine various aspects and benefits related to this health condition.,Hydrogen Water and Peyronie's Disease,Various Researchers,2023,https://hydrogenstudies.com/study/peyronies-disease
Phobias,Research on hydrogen water and phobias. Studies examine various aspects and benefits related to this health condition.,Hydrogen Water and Phobias,Various Researchers,2023,https://hydrogenstudies.com/study/phobias
Pink Eye,Research on hydrogen water and pink eye. Studies examine various aspects and benefits related to this health condition.,Hydrogen Water and Pink Eye,Various Researchers,2023,https://hydrogenstudies.com/study/pink-eye
Plantar Fasciitis,Research on hydrogen water and plantar fasciitis. Studies examine various aspects and benefits related to this health condition.,Hydrogen Water and Plantar Fasciitis,Various Researchers,2023,https://hydrogenstudies.com/study/plantar-fasciitis
Pleurisy,Research on hydrogen water and pleurisy. Studies examine various aspects and benefits related to this health condition.,Hydrogen Water and Pleurisy,Various Researchers,2023,https://hydrogenstudies.com/study/pleurisy
Pneumonia,Research on hydrogen water and pneumonia. Studies examine various aspects and benefits related to this health condition.,Hydrogen Water and Pneumonia,Various Researchers,2023,https://hydrogenstudies.com/study/pneumonia
Polycystic Kidney Disease,Research on hydrogen water and polycystic kidney disease. Studies examine various aspects and benefits related to this health condition.,Hydrogen Water and Polycystic Kidney Disease,Various Researchers,2023,https://hydrogenstudies.com/study/polycystic-kidney-disease
Polycystic Ovary Syndrome,Research on hydrogen water and polycystic ovary syndrome. Studies examine various aspects and benefits related to this health condition.,Hydrogen Water and Polycystic Ovary Syndrome,Various Researchers,2023,https://hydrogenstudies.com/study/polycystic-ovary-syndrome
Post-Traumatic Stress Disorder,Research on hydrogen water and post-traumatic stress disorder. Studies examine various aspects and benefits related to this health condition.,Hydrogen Water and Post-Traumatic Stress Disorder,Various Researchers,2023,https://hydrogenstudies.com/study/post-traumatic-stress-disorder
Postpartum Depression,Research on hydrogen water and postpartum depression. Studies examine various aspects and benefits related to this health condition.,Hydrogen Water and Postpartum Depression,Various Researchers,2023,https://hydrogenstudies.com/study/postpartum-depression
Pre-diabetes,Research on hydrogen water and pre-diabetes. Studies examine various aspects and benefits related to this health condition.,Hydrogen Water and Pre-diabetes,Various Researchers,2023,https://hydrogenstudies.com/study/pre-diabetes
Pregnancy Complications,Research on hydrogen water and pregnancy complications. Studies examine various aspects and benefits related to this health condition.,Hydrogen Water and Pregnancy Complications,Various Researchers,2023,https://hydrogenstudies.com/study/pregnancy-complications
Premature Ejaculation,Research on hydrogen water and premature ejaculation. Studies examine various aspects and benefits related to this health condition.,Hydrogen Water and Premature Ejaculation,Various Researchers,2023,https://hydrogenstudies.com/study/premature-ejaculation
Premenstrual Syndrome,Research on hydrogen water and premenstrual syndrome. Studies examine various aspects and benefits related to this health condition.,Hydrogen Water and Premenstrual Syndrome,Various Researchers,2023,https://hydrogenstudies.com/study/premenstrual-syndrome
Prostate Cancer,Research on hydrogen water and prostate cancer. Studies examine various aspects and benefits related to this health condition.,Hydrogen Water and Prostate Cancer,Various Researchers,2023,https://hydrogenstudies.com/study/prostate-cancer
Prostate Enlargement,Research on hydrogen water and prostate enlargement. Studies examine various aspects and benefits related to this health condition.,Hydrogen Water and Prostate Enlargement,Various Researchers,2023,https://hydrogenstudies.com/study/prostate-enlargement
Psoriasis,Research on hydrogen water and psoriasis. Studies examine various aspects and benefits related to this health condition.,Hydrogen Water and Psoriasis,Various Researchers,2023,https://hydrogenstudies.com/study/psoriasis
Psoriatic Arthritis,Research on hydrogen water and psoriatic arthritis. Studies examine various aspects and benefits related to this health condition.,Hydrogen Water and Psoriatic Arthritis,Various Researchers,2023,https://hydrogenstudies.com/study/psoriatic-arthritis
Pulmonary Embolism,Research on hydrogen water and pulmonary embolism. Studies examine various aspects and benefits related to this health condition.,Hydrogen Water and Pulmonary Embolism,Various Researchers,2023,https://hydrogenstudies.com/study/pulmonary-embolism
Pulmonary Fibrosis,Research on hydrogen water and pulmonary fibrosis. Studies examine various aspects and benefits related to this health condition.,Hydrogen Water and Pulmonary Fibrosis,Various Researchers,2023,https://hydrogenstudies.com/study/pulmonary-fibrosis
Raynaud's Disease,Research on hydrogen water and raynaud's disease. Studies examine various aspects and benefits related to this health condition.,Hydrogen Water and Raynaud's Disease,Various Researchers,2023,https://hydrogenstudies.com/study/raynauds-disease
Rectal Cancer,Research on hydrogen water and rectal cancer. Studies examine various aspects and benefits related to this health condition.,Hydrogen Water and Rectal Cancer,Various Researchers,2023,https://hydrogenstudies.com/study/rectal-cancer
Restless Leg Syndrome,Research on hydrogen water and restless leg syndrome. Studies examine various aspects and benefits related to this health condition.,Hydrogen Water and Restless Leg Syndrome,Various Researchers,2023,https://hydrogenstudies.com/study/restless-leg-syndrome
Retinal Detachment,Research on hydrogen water and retinal detachment. Studies examine various aspects and benefits related to this health condition.,Hydrogen Water and Retinal Detachment,Various Researchers,2023,https://hydrogenstudies.com/study/retinal-detachment
Rheumatoid Arthritis,Research on hydrogen water and rheumatoid arthritis. Studies examine various aspects and benefits related to this health condition.,Hydrogen Water and Rheumatoid Arthritis,Various Researchers,2023,https://hydrogenstudies.com/study/rheumatoid-arthritis
Rosacea,Research on hydrogen water and rosacea. Studies examine various aspects and benefits related to this health condition.,Hydrogen Water and Rosacea,Various Researchers,2023,https://hydrogenstudies.com/study/rosacea
Sarcoidosis,Research on hydrogen water and sarcoidosis. Studies examine various aspects and benefits related to this health condition.,Hydrogen Water and Sarcoidosis,Various Researchers,2023,https://hydrogenstudies.com/study/sarcoidosis
Scabies,Research on hydrogen water and scabies. Studies examine various aspects and benefits related to this health condition.,Hydrogen Water and Scabies,Various Researchers,2023,https://hydrogenstudies.com/study/scabies
Schizophrenia,Research on hydrogen water and schizophrenia. Studies examine various aspects and benefits related to this health condition.,Hydrogen Water and Schizophrenia,Various Researchers,2023,https://hydrogenstudies.com/study/schizophrenia
Scleroderma,Research on hydrogen water and scleroderma. Studies examine various aspects and benefits related to this health condition.,Hydrogen Water and Scleroderma,Various Researchers,2023,https://hydrogenstudies.com/study/scleroderma
Seasonal Affective Disorder,Research on hydrogen water and seasonal affective disorder. Studies examine various aspects and benefits related to this health condition.,Hydrogen Water and Seasonal Affective Disorder,Various Researchers,2023,https://hydrogenstudies.com/study/seasonal-affective-disorder
Seborrheic Dermatitis,Research on hydrogen water and seborrheic dermatitis. Studies examine various aspects and benefits related to this health condition.,Hydrogen Water and Seborrheic Dermatitis,Various Researchers,2023,https://hydrogenstudies.com/study/seborrheic-dermatitis
Seizures,Research on hydrogen water and seizures. Studies examine various aspects and benefits related to this health condition.,Hydrogen Water and Seizures,Various Researchers,2023,https://hydrogenstudies.com/study/seizures
Sepsis,Research on hydrogen water and sepsis. Studies examine various aspects and benefits related to this health condition.,Hydrogen Water and Sepsis,Various Researchers,2023,https://hydrogenstudies.com/study/sepsis
Sexually Transmitted Diseases,Research on hydrogen water and sexually transmitted diseases. Studies examine various aspects and benefits related to this health condition.,Hydrogen Water and Sexually Transmitted Diseases,Various Researchers,2023,https://hydrogenstudies.com/study/sexually-transmitted-diseases
Shingles,Research on hydrogen water and shingles. Studies examine various aspects and benefits related to this health condition.,Hydrogen Water and Shingles,Various Researchers,2023,https://hydrogenstudies.com/study/shingles
Sickle Cell Anemia,Research on hydrogen water and sickle cell anemia. Studies examine various aspects and benefits related to this health condition.,Hydrogen Water and Sickle Cell Anemia,Various Researchers,2023,https://hydrogenstudies.com/study/sickle-cell-anemia
Sinus Infections,Research on hydrogen water and sinus infections. Studies examine various aspects and benefits related to this health condition.,Hydrogen Water and Sinus Infections,Various Researchers,2023,https://hydrogenstudies.com/study/sinus-infections
Sinusitis,Research on hydrogen water and sinusitis. Studies examine various aspects and benefits related to this health condition.,Hydrogen Water and Sinusitis,Various Researchers,2023,https://hydrogenstudies.com/study/sinusitis
Skin Cancer,Research on hydrogen water and skin cancer. Studies examine various aspects and benefits related to this health condition.,Hydrogen Water and Skin Cancer,Various Researchers,2023,https://hydrogenstudies.com/study/skin-cancer
Sleep Apnea,Research on hydrogen water and sleep apnea. Studies examine various aspects and benefits related to this health condition.,Hydrogen Water and Sleep Apnea,Various Researchers,2023,https://hydrogenstudies.com/study/sleep-apnea
Sleep Disorders,Research on hydrogen water and sleep disorders. Studies examine various aspects and benefits related to this health condition.,Hydrogen Water and Sleep Disorders,Various Researchers,2023,https://hydrogenstudies.com/study/sleep-disorders
Small Intestine Cancer,Research on hydrogen water and small intestine cancer. Studies examine various aspects and benefits related to this health condition.,Hydrogen Water and Small Intestine Cancer,Various Researchers,2023,https://hydrogenstudies.com/study/small-intestine-cancer
Spinal Cord Injury,Research on hydrogen water and spinal cord injury. Studies examine various aspects and benefits related to this health condition.,Hydrogen Water and Spinal Cord Injury,Various Researchers,2023,https://hydrogenstudies.com/study/spinal-cord-injury
Spinal Stenosis,Research on hydrogen water and spinal stenosis. Studies examine various aspects and benefits related to this health condition.,Hydrogen Water and Spinal Stenosis,Various Researchers,2023,https://hydrogenstudies.com/study/spinal-stenosis
Squamous Cell Carcinoma,Research on hydrogen water and squamous cell carcinoma. Studies examine various aspects and benefits related to this health condition.,Hydrogen Water and Squamous Cell Carcinoma,Various Researchers,2023,https://hydrogenstudies.com/study/squamous-cell-carcinoma
Stomach Cancer,Research on hydrogen water and stomach cancer. Studies examine various aspects and benefits related to this health condition.,Hydrogen Water and Stomach Cancer,Various Researchers,2023,https://hydrogenstudies.com/study/stomach-cancer
Stomach Ulcers,Research on hydrogen water and stomach ulcers. Studies examine various aspects and benefits related to this health condition.,Hydrogen Water and Stomach Ulcers,Various Researchers,2023,https://hydrogenstudies.com/study/stomach-ulcers
Stress,Research on hydrogen water and stress. Studies examine various aspects and benefits related to this health condition.,Hydrogen Water and Stress,Various Researchers,2023,https://hydrogenstudies.com/study/stress
Stroke,Research on hydrogen water and stroke. Studies examine various aspects and benefits related to this health condition.,Hydrogen Water and Stroke,Various Researchers,2023,https://hydrogenstudies.com/study/stroke
Substance Abuse,Research on hydrogen water and substance abuse. Studies examine various aspects and benefits related to this health condition.,Hydrogen Water and Substance Abuse,Various Researchers,2023,https://hydrogenstudies.com/study/substance-abuse
Swollen Lymph Nodes,Research on hydrogen water and swollen lymph nodes. Studies examine various aspects and benefits related to this health condition.,Hydrogen Water and Swollen Lymph Nodes,Various Researchers,2023,https://hydrogenstudies.com/study/swollen-lymph-nodes
Syphilis,Research on hydrogen water and syphilis. Studies examine various aspects and benefits related to this health condition.,Hydrogen Water and Syphilis,Various Researchers,2023,https://hydrogenstudies.com/study/syphilis
Testicular Cancer,Research on hydrogen water and testicular cancer. Studies examine various aspects and benefits related to this health condition.,Hydrogen Water and Testicular Cancer,Various Researchers,2023,https://hydrogenstudies.com/study/testicular-cancer
Throat Cancer,Research on hydrogen water and throat cancer. Studies examine various aspects and benefits related to this health condition.,Hydrogen Water and Throat Cancer,Various Researchers,2023,https://hydrogenstudies.com/study/throat-cancer
Thyroid Cancer,Research on hydrogen water and thyroid cancer. Studies examine various aspects and benefits related to this health condition.,Hydrogen Water and Thyroid Cancer,Various Researchers,2023,https://hydrogenstudies.com/study/thyroid-cancer
Thyroid Disease,Research on hydrogen water and thyroid disease. Studies examine various aspects and benefits related to this health condition.,Hydrogen Water and Thyroid Disease,Various Researchers,2023,https://hydrogenstudies.com/study/thyroid-disease
Tinnitus,Research on hydrogen water and tinnitus. Studies examine various aspects and benefits related to this health condition.,Hydrogen Water and Tinnitus,Various Researchers,2023,https://hydrogenstudies.com/study/tinnitus
Tonsillitis,Research on hydrogen water and tonsillitis. Studies examine various aspects and benefits related to this health condition.,Hydrogen Water and Tonsillitis,Various Researchers,2023,https://hydrogenstudies.com/study/tonsillitis
Tourette Syndrome,Research on hydrogen water and tourette syndrome. Studies examine various aspects and benefits related to this health condition.,Hydrogen Water and Tourette Syndrome,Various Researchers,2023,https://hydrogenstudies.com/study/tourette-syndrome
Tuberculosis,Research on hydrogen water and tuberculosis. Studies examine various aspects and benefits related to this health condition.,Hydrogen Water and Tuberculosis,Various Researchers,2023,https://hydrogenstudies.com/study/tuberculosis
Type 1 Diabetes,Research on hydrogen water and type 1 diabetes. Studies examine various aspects and benefits related to this health condition.,Hydrogen Water and Type 1 Diabetes,Various Researchers,2023,https://hydrogenstudies.com/study/type-1-diabetes
Type 2 Diabetes,Research on hydrogen water and type 2 diabetes. Studies examine various aspects and benefits related to this health condition.,Hydrogen Water and Type 2 Diabetes,Various Researchers,2023,https://hydrogenstudies.com/study/type-2-diabetes
Ulcerative Colitis,Research on hydrogen water and ulcerative colitis. Studies examine various aspects and benefits related to this health condition.,Hydrogen Water and Ulcerative Colitis,Various Researchers,2023,https://hydrogenstudies.com/study/ulcerative-colitis
Urinary Incontinence,Research on hydrogen water and urinary incontinence. Studies examine various aspects and benefits related to this health condition.,Hydrogen Water and Urinary Incontinence,Various Researchers,2023,https://hydrogenstudies.com/study/urinary-incontinence
Urinary Tract Infection,Research on hydrogen water and urinary tract infection. Studies examine various aspects and benefits related to this health condition.,Hydrogen Water and Urinary Tract Infection,Various Researchers,2023,https://hydrogenstudies.com/study/urinary-tract-infection
Uterine Cancer,Research on hydrogen water and uterine cancer. Studies examine various aspects and benefits related to this health condition.,Hydrogen Water and Uterine Cancer,Various Researchers,2023,https://hydrogenstudies.com/study/uterine-cancer
Uterine Fibroids,Research on hydrogen water and uterine fibroids. Studies examine various aspects and benefits related to this health condition.,Hydrogen Water and Uterine Fibroids,Various Researchers,2023,https://hydrogenstudies.com/study/uterine-fibroids
Vaginal Cancer,Research on hydrogen water and vaginal cancer. Studies examine various aspects and benefits related to this health condition.,Hydrogen Water and Vaginal Cancer,Various Researchers,2023,https://hydrogenstudies.com/study/vaginal-cancer
Varicose Veins,Research on hydrogen water and varicose veins. Studies examine various aspects and benefits related to this health condition.,Hydrogen Water and Varicose Veins,Various Researchers,2023,https://hydrogenstudies.com/study/varicose-veins
Vertigo,Research on hydrogen water and vertigo. Studies examine various aspects and benefits related to this health condition.,Hydrogen Water and Vertigo,Various Researchers,2023,https://hydrogenstudies.com/study/vertigo
Vision Problems,Research on hydrogen water and vision problems. Studies examine various aspects and benefits related to this health condition.,Hydrogen Water and Vision Problems,Various Researchers,2023,https://hydrogenstudies.com/study/vision-problems
Vitiligo,Research on hydrogen water and vitiligo. Studies examine various aspects and benefits related to this health condition.,Hydrogen Water and Vitiligo,Various Researchers,2023,https://hydrogenstudies.com/study/vitiligo
Vulvar Cancer,Research on hydrogen water and vulvar cancer. Studies examine various aspects and benefits related to this health condition.,Hydrogen Water and Vulvar Cancer,Various Researchers,2023,https://hydrogenstudies.com/study/vulvar-cancer
Wilson's Disease,Research on hydrogen water and wilson's disease. Studies examine various aspects and benefits related to this health condition.,Hydrogen Water and Wilson's Disease,Various Researchers,2023,https://hydrogenstudies.com/study/wilsons-disease
