Topic,Content
Acne,"What is acne?
Acne is a common skin condition that occurs when hair follicles become clogged with oil and dead skin cells. It typically appears on the face, neck, chest, back, and shoulders.
Here’s how it happens:
Types of Acne:
Acne can be influenced by various factors including hormonal changes (common during puberty), genetics, certain medications, diet, stress, and improper skin care routines.
What is the relationship between acne and oxidative stress?
The relationship between acne and oxidative stress is complex and multifaceted. Oxidative stress occurs when there’s an imbalance between the production of reactive oxygen species (ROS) and the body’s ability to neutralize them with antioxidants. In the context of acne, oxidative stress can exacerbate inflammation, contribute to the development of acne lesions, and impede the skin’s ability to heal.
Here’s how oxidative stress relates to acne:
Overall, while oxidative stress is not the sole cause of acne, it can contribute to its development and exacerbation by promoting inflammation, sebum production, and impaired wound healing.
Acne and skin lesions that appear in its course deteriorate the quality of life of patients, cause depression and the emergence of suicidal thoughts. Cosmetic treatments can have a positive effect on improving skin condition by cleaning up skin ...
The purpose of this study was to determine the efficacy and the tolerability of the Charme™ system, a hand-held device that electrolyzes a water-based sodium chloride solution and delivers electrolyzed oxidized water (EOW) to the skin, in the ...
Background: Acne vulgaris is a prevalent dermatological disease characterized by skin eruptions, which may decrease the sufferer's quality of life. Hydrogen purification treatment is a new procedure used in cosmetology to improve the skin parameters ..."
Acute Kidney Injury,"Acute Kidney Injury
Hydrogen Water and Acute Kidney Injury (AKI)
Acute kidney injury (AKI) is a sudden decline in kidney function, often driven by inflammation, oxidative stress, and ischemia-reperfusion damage. These factors trigger cellular damage, mitochondrial dysfunction, and, in severe cases, cell death. Molecular hydrogen (H₂), delivered via hydrogen-rich water (HRW), has shown significant potential in mitigating these underlying processes.
Multiple studies, including those reviewed inMoleculesandPharmaceuticals, demonstrate that H₂ acts as a selective antioxidant—neutralizing the most harmful free radicals like hydroxyl radicals (•OH) and peroxynitrite (ONOO⁻) without disrupting essential redox signaling pathways​​. This is critical in AKI, where an overproduction of reactive oxygen species (ROS) damages tubular epithelial cells and exacerbates inflammation.
Beyond antioxidation, hydrogen also reduces the expression of pro-inflammatory cytokines (like TNF-α and IL-6), inhibits apoptotic pathways, and helps stabilize mitochondrial function—key mechanisms involved in protecting renal tissue during AKI​​.
In experimental AKI models, hydrogen-rich saline or water has been shown to:
Decrease blood urea nitrogen (BUN) and serum creatinine levels
Reduce histological kidney damage
Improve survival rates following ischemia-reperfusion injury
There are three main types of AKI:
The clinical presentation of AKI can vary widely depending on the underlying cause, severity of kidney injury, and individual patient factors. Common signs and symptoms of AKI may include decreased urine output, fluid retention (edema), electrolyte imbalances, metabolic acidosis, nausea, vomiting, fatigue, and confusion. In severe cases, AKI can lead to life-threatening complications, such as hyperkalemia (high blood potassium levels), pulmonary edema (fluid accumulation in the lungs), and uremia (buildup of waste products in the blood).
What is the relationship between AKI and oxidative stress?
Oxidative stress plays a central role in the pathophysiology and progression of kidney damage in AKI. Here’s how AKI and oxidative stress are interrelated:
Molecular hydrogen has the ability to penetrate cells, easily reach mitochondria, overcome body barriers, penetrate areas of ischemia, edema and inflammation, improve energy supply by supplying additional electrons and have antioxidant and ...
Acute kidney injury (AKI) is the major complication of rhabdomyolysis (RM) clinically, which is usually mimicked by glycerol injection in basic research. Oxidative stress, inflammatory response and apoptosis are recognized to play important roles in ...
Background: Acute kidney injury and its central pathology, renal ischemia reperfusion injury (IRI), have been studied in many animal models. Although renal IRI has been induced in pig models in many ways, simultaneous bilateral ischemia or unilateral ...
Purpose: We assessed intrarenal oxygenation in gentamicin-induced nephrotoxicity (GIN) and the protective effect of hydrogen-rich water (HW) against GIN using blood oxygenation level-dependent magnetic resonance (MR) imaging. Materials and methods: ...
Hydrogen has been demonstrated to have effective protection against tissue injuries caused by oxidative stress, inflammation, and apoptosis. This study investigated the efficacy of hydrogen-rich saline (HS) on the prevention of renal injury induced ...
Background: Rhabdomyolysis is a leading cause of acute kidney injury. The pathophysiological process involves oxidative stress and inflammation. Hydrogen-rich saline (HRS) is an antioxidant and anti-inflammatory. This study explored the protective ...
Hydrogen (H2), a new antioxidant, was reported to reduce •OH and ONOO− selectively and inhibit certain proinflammatory mediators to product, without disturbing metabolic redox reactions or ROS involved in cell signaling. We herein aim to explore ...
Early acute kidney injury (AKI) in severely burned patients predicts a high mortality that is multi-factorial. Hydrogen has been reported to alleviate organ injury via selective quenching of reactive oxygen species. This study investigated the ...
Purpose: Hydrogen is a proven novel antioxidant that selectively reduces hydroxyl radicals. In this study, we investigated the effects of hydrogen-rich saline solution on the prevention of renal injury induced by ischemia/reperfusion (I/R) and on ...
The current research was designed to study the role of hydrogen in renal fibrosis and the renal epithelial to mesenchymal transition (EMT) induced by transforming growth factor-β1 (TGF-β1). Hydrogen rich water (HW) was used to treat animal and cell ..."
Acute Respiratory Distress Syndrome,"Acute Respiratory Distress Syndrome
What is Acute Respiratory Distress Syndrome (ARDS)?
Acute Respiratory Distress Syndrome (ARDS) is a severe lung condition characterized by rapid onset of widespread inflammation in the lungs, leading to fluid buildup in the air sacs (alveoli). This fluid accumulation makes it difficult for oxygen to reach the bloodstream, resulting in severe oxygen deprivation throughout the body.
The main features of ARDS include:
What is the relationship between ARDS and oxidative stress?
Acute Respiratory Distress Syndrome (ARDS) involves a complex cascade of inflammatory responses in the lungs, which can lead to oxidative stress. During ARDS, the lungs experience significant oxidative stress due to various factors, including the release of inflammatory mediators, activation of immune cells, and tissue damage.
Overall, oxidative stress plays a significant role in the pathogenesis of ARDS by contributing to lung injury, inflammation, and impaired gas exchange.
Endotoxins and other harmful substances may cause an increase in permeability in endothelial cells (ECs) monolayers, as well as ECs shrinkage and death to induce lung damage. Lipopolysaccharide (LPS) can impair endothelial progenitor cells (EPCs) ...
Acute respiratory distress syndrome (ARDS) causes uncontrolled pulmonary inflammation, resulting in high morbidity and mortality in severe cases. Given the antioxidative effect of molecular hydrogen, some recent studies suggest the potential use of ..."
Acute Tubuluar Necrosis,"Acute Tubuluar Necrosis
What is Acute Tubular Necrosis (ATN)?
Acute tubular necrosis (ATN) is a medical condition characterized by the sudden death of tubular cells in the kidney’s nephrons, which are the functional units responsible for filtering blood and producing urine. This condition often occurs as a result of ischemic injury (lack of blood flow) or nephrotoxic injury (toxic substances damaging the kidney tubules).
What is the relationship between ATN and oxidative stress?
Acute tubular necrosis (ATN) is a medical condition characterized by the sudden death of tubular cells in the kidney’s nephrons, which are the functional units responsible for filtering blood and producing urine. This condition often occurs as a result of ischemic injury (lack of blood flow) or nephrotoxic injury (toxic substances damaging the kidney tubules).
The relationship between Acute Tubular Necrosis (ATN) and oxidative stress lies in the mechanisms underlying kidney injury:
Overall, oxidative stress plays a crucial role in the pathogenesis of Acute Tubular Necrosis by promoting renal tubular cell injury and death.
Objectives: This study assessed the protective effects of saturated hydrogen against CCl4-induced acute kidney injury (AKI) in mice, and investigated signaling pathways activated by exposure to saturated hydrogen. Methods: A mouse model of ..."
Addiction,"What is addiction?
Addiction is a condition where a person becomes dependent on a substance or behavior, often to the point where it becomes difficult to control or stop despite harmful consequences. It’s like when someone feels a strong urge or craving to use a substance (like drugs or alcohol) or engage in a certain behavior (like gambling or gaming), even when it causes problems in their life.
Addiction can affect the brain and behavior in various ways. It can change the way the brain works, making it hard for a person to resist the intense urge to use the substance or engage in the behavior, even if they know it’s harmful. Over time, addiction can lead to changes in behavior, thinking, and decision-making.
Addiction isn’t just about using drugs or alcohol; it can also involve activities like gambling, gaming, or even eating. People can become addicted to these behaviors because they trigger the brain’s reward system, making them feel good temporarily. However, over time, addiction can take over a person’s life, causing problems with relationships, work, school, and overall well-being.
What is the relationship between addiction and oxidative stress?
The relationship between addiction and oxidative stress is complex and multifaceted. Oxidative stress is a condition where there is an imbalance between harmful molecules called free radicals and the body’s ability to neutralize them with antioxidants. Free radicals can damage cells and tissues in the body, leading to various health problems.
In the context of addiction, oxidative stress can occur due to several factors:
Hydrogen therapy is a new medical approach for a wide range of diseases. The effects of hydrogen on central nervous system-related diseases have recently become increasingly appreciated, but little is known about whether hydrogen affects the morphine ...
Methamphetamine (METH) is a highly addictive stimulant, and METH exposure can induce irreversible neuronal damage and cause neuropsychiatric and cognitive disorders. The ever-increasing levels of METH abuse worldwide have necessitated the ...
Methamphetamine (METH) is one of the most prevalently used illegal psychostimulants in many countries. Continuous exposure to METH leads to behavioral sensitization in animals, which can be used as a behavioral model with many mechanisms in common ...
The development and maintenance of morphine tolerance showed association with neuroinflammation and dysfunction of central glutamatergic system (such as nitration of glutamate transporter). Recent evidence indicated that hydrogen could reduce the ..."
