Topic,Study Title,Study URL
"Cardiovascular Health","Example Study on Hydrogen Water and Heart Health","https://hydrogenstudies.com/study/example-cardiovascular-2023"
"Cardiovascular Health","Research on Hydrogen Therapy for Heart Disease","https://hydrogenstudies.com/study/example-heart-disease-2022"
"Neurological Benefits","Hydrogen Water and Brain Function Study","https://hydrogenstudies.com/study/example-brain-function-2023"
"Neurological Benefits","Neuroprotective Effects of Molecular Hydrogen","https://hydrogenstudies.com/study/example-neuroprotective-2022"
"Athletic Performance","Hydrogen Water and Exercise Performance","https://hydrogenstudies.com/study/example-athletic-performance-2023"
"Anti-inflammatory Effects","Anti-inflammatory Properties of Hydrogen Therapy","https://hydrogenstudies.com/study/example-anti-inflammatory-2023"
"Antioxidant Properties","Hydrogen as an Antioxidant: Research Review","https://hydrogenstudies.com/study/example-antioxidant-2022"
"Metabolic Health","Hydrogen Water and Metabolic Syndrome","https://hydrogenstudies.com/study/example-metabolic-health-2023"
"Skin Health","Hydrogen Therapy for Skin Conditions","https://hydrogenstudies.com/study/example-skin-health-2022"
"Eye Health","Hydrogen Water and Eye Health Benefits","https://hydrogenstudies.com/study/example-eye-health-2023"
"Respiratory Health","Hydrogen Therapy for Respiratory Conditions","https://hydrogenstudies.com/study/example-respiratory-health-2022"
"Digestive Health","Hydrogen Water and Digestive System Benefits","https://hydrogenstudies.com/study/example-digestive-health-2023" 