Topic,Studies
Acne,"Efficacy of Hydrogen Purification and Cosmetic Acids in the Treatment of Acne Vulgaris: A ...2022 - Skin - Cosmetic Skin IssuesAcne and skin lesions that appear in its course deteriorate the quality of life of patients, cause depression and the emergence of suicidal thoughts. Cosmetic treatments can have a positive effect on improving skin condition by cleaning up skin ...

The Efficacy and Tolerability of Electrolyzed Oxidized Water in Treating Mild to Moderate Acne2004 - Skin - Cosmetic Skin IssuesThe purpose of this study was to determine the efficacy and the tolerability of the Charme™ system, a hand-held device that electrolyzes a water-based sodium chloride solution and delivers electrolyzed oxidized water (EOW) to the skin, in the ...

Effects of Topical Hydrogen Purification on Skin Parameters and Acne Vulgaris in Adult Women2021 - Skin - Cosmetic Skin IssuesBackground: Acne vulgaris is a prevalent dermatological disease characterized by skin eruptions, which may decrease the sufferer's quality of life. Hydrogen purification treatment is a new procedure used in cosmetology to improve the skin parameters ..."
Acute Kidney Injury,"Effect of water diuresis with hydrogen saturation on the course of acute kidney damage during the ...2022 - Kidney - Acute Kidney InjuryMolecular hydrogen has the ability to penetrate cells, easily reach mitochondria, overcome body barriers, penetrate areas of ischemia, edema and inflammation, improve energy supply by supplying additional electrons and have antioxidant and ...

Inhalation of 4% and 67% hydrogen ameliorates oxidative stress, inflammation, apoptosis, and ...2023 - Kidney - Acute Kidney InjuryAcute kidney injury (AKI) is the major complication of rhabdomyolysis (RM) clinically, which is usually mimicked by glycerol injection in basic research. Oxidative stress, inflammatory response and apoptosis are recognized to play important roles in ...

Development of a novel porcine ischemia/reperfusion model inducing different ischemia times in ...2022 - Kidney - Acute Kidney InjuryBackground: Acute kidney injury and its central pathology, renal ischemia reperfusion injury (IRI), have been studied in many animal models. Although renal IRI has been induced in pig models in many ways, simultaneous bilateral ischemia or unilateral ...

Protective effect of hydrogen-rich water against gentamicin-induced nephrotoxicity in rats using ...2011 - Kidney - Acute Kidney InjuryPurpose: We assessed intrarenal oxygenation in gentamicin-induced nephrotoxicity (GIN) and the protective effect of hydrogen-rich water (HW) against GIN using blood oxygenation level-dependent magnetic resonance (MR) imaging. Materials and methods: ...

Hydrogen-rich saline ameliorates renal injury induced by unilateral ureteral obstruction in rats2013 - Kidney - Acute Kidney InjuryHydrogen has been demonstrated to have effective protection against tissue injuries caused by oxidative stress, inflammation, and apoptosis. This study investigated the efficacy of hydrogen-rich saline (HS) on the prevention of renal injury induced ...

Pretreatment with hydrogen-rich saline reduces the damage caused by glycerol-induced rhabdomyolysis ...2014 - Kidney - Acute Kidney InjuryBackground: Rhabdomyolysis is a leading cause of acute kidney injury. The pathophysiological process involves oxidative stress and inflammation. Hydrogen-rich saline (HRS) is an antioxidant and anti-inflammatory. This study explored the protective ...

Hydrogen-Rich Saline Attenuates Acute Renal Injury in Sodium Taurocholate-Induced Severe Acute ...2015 - Kidney - Acute Kidney InjuryHydrogen (H2), a new antioxidant, was reported to reduce •OH and ONOO− selectively and inhibit certain proinflammatory mediators to product, without disturbing metabolic redox reactions or ROS involved in cell signaling. We herein aim to explore ...

Effects of hydrogen-rich saline on early acute kidney injury in severely burned rats by suppressing ...2015 - Kidney - Acute Kidney InjuryEarly acute kidney injury (AKI) in severely burned patients predicts a high mortality that is multi-factorial. Hydrogen has been reported to alleviate organ injury via selective quenching of reactive oxygen species. This study investigated the ...

Hydrogen-Rich Saline Promotes the Recovery of Renal Function after Ischemia/Reperfusion Injury in ...2016 - Kidney - Acute Kidney InjuryPurpose: Hydrogen is a proven novel antioxidant that selectively reduces hydroxyl radicals. In this study, we investigated the effects of hydrogen-rich saline solution on the prevention of renal injury induced by ischemia/reperfusion (I/R) and on ...

Hydrogen Rich Water Attenuates Renal Injury and Fibrosis by Regulation Transforming Growth Factor-β ...2017 - Kidney - Acute Kidney InjuryThe current research was designed to study the role of hydrogen in renal fibrosis and the renal epithelial to mesenchymal transition (EMT) induced by transforming growth factor-β1 (TGF-β1). Hydrogen rich water (HW) was used to treat animal and cell ..."
Acute Respiratory Distress Syndrome,"Hydrogen Repairs LPS-Induced Endothelial Progenitor Cells Injury via PI3K/AKT/eNOS Pathway2022 - Lung - SepsisEndotoxins and other harmful substances may cause an increase in permeability in endothelial cells (ECs) monolayers, as well as ECs shrinkage and death to induce lung damage. Lipopolysaccharide (LPS) can impair endothelial progenitor cells (EPCs) ...

Magnesium Hydride Ameliorates Endotoxin-Induced Acute Respiratory Distress Syndrome by Inhibiting ...2022 - Lung - SepsisAcute respiratory distress syndrome (ARDS) causes uncontrolled pulmonary inflammation, resulting in high morbidity and mortality in severe cases. Given the antioxidative effect of molecular hydrogen, some recent studies suggest the potential use of ..."
Acute Tubuluar Necrosis,"Saturated hydrogen alleviates CCl 4 -induced acute kidney injury via JAK2/STAT3/p65 signaling2020 - Kidney - Acute Kidney InjuryObjectives: This study assessed the protective effects of saturated hydrogen against CCl4-induced acute kidney injury (AKI) in mice, and investigated signaling pathways activated by exposure to saturated hydrogen. Methods: A mouse model of ..."
Addiction,"Hydrogen-rich saline attenuates anxiety-like behaviors in morphine-withdrawn mice2017 - Brain - AddictionHydrogen therapy is a new medical approach for a wide range of diseases. The effects of hydrogen on central nervous system-related diseases have recently become increasingly appreciated, but little is known about whether hydrogen affects the morphine ...

Effects of Molecular Hydrogen on Methamphetamine-Induced Neurotoxicity and Spatial Memory Impairment2019 - Brain - AddictionMethamphetamine (METH) is a highly addictive stimulant, and METH exposure can induce irreversible neuronal damage and cause neuropsychiatric and cognitive disorders. The ever-increasing levels of METH abuse worldwide have necessitated the ...

Molecular hydrogen attenuates methamphetamine-induced behavioral sensitization and activation of ...2020 - Brain - AddictionMethamphetamine (METH) is one of the most prevalently used illegal psychostimulants in many countries. Continuous exposure to METH leads to behavioral sensitization in animals, which can be used as a behavioral model with many mechanisms in common ...

Hydrogen enriched saline alleviates morphine tolerance via inhibiting neuroinflammation, GLT-1, GS ...2021 - Brain - AddictionThe development and maintenance of morphine tolerance showed association with neuroinflammation and dysfunction of central glutamatergic system (such as nitration of glutamate transporter). Recent evidence indicated that hydrogen could reduce the ..."
